営業担当,月,問い合わせ数,架電数,面談数,案件提案数,成約数
濵田隼人,1,61,77,51,5,0
濵田隼人,2,45,84,30,6,4
濵田隼人,3,47,86,40,6,4
濵田隼人,4,38,90,46,8,6
濵田隼人,5,45,93,34,7,7
濵田隼人,6,56,95,40,8,7
濵田隼人,7,51,99,41,2,5
濵田隼人,8,44,80,40,9,6
濵田隼人,9,55,96,56,10,6
濵田隼人,10,34,96,36,5,8
濵田隼人,11,39,95,45,7,7
濵田隼人,12,53,93,45,12,6
大林ふみ,1,58,70,39,7,3
大林ふみ,2,36,90,59,7,3
大林ふみ,3,49,68,49,10,5
大林ふみ,4,57,77,56,16,8
大林ふみ,5,38,83,34,11,9
大林ふみ,6,53,72,58,12,9
大林ふみ,7,47,75,49,11,6
大林ふみ,8,43,69,42,15,9
大林ふみ,9,40,81,59,8,8
大林ふみ,10,54,83,54,11,7
大林ふみ,11,55,83,44,9,7
大林ふみ,12,36,74,52,16,9
佐藤周治,1,36,91,46,14,0
佐藤周治,2,39,79,47,26,4
佐藤周治,3,33,86,58,19,9
佐藤周治,4,40,102,49,20,11
佐藤周治,5,41,97,52,18,10
佐藤周治,6,39,96,45,17,10
佐藤周治,7,48,103,50,19,9
佐藤周治,8,46,112,52,22,10
佐藤周治,9,40,93,59,14,11
佐藤周治,10,40,110,55,17,9
佐藤周治,11,38,113,53,21,9
佐藤周治,12,40,101,44,16,12
兵頭大志,1,51,97,51,23,0
兵頭大志,2,43,104,38,9,6
兵頭大志,3,49,92,74,10,7
兵頭大志,4,37,99,67,18,9
兵頭大志,5,52,92,49,8,11
兵頭大志,6,47,96,44,6,8
兵頭大志,7,41,109,55,18,5
兵頭大志,8,63,78,51,13,9
兵頭大志,9,40,98,51,17,9
兵頭大志,10,41,93,52,14,10
兵頭大志,11,50,97,63,16,11
兵頭大志,12,50,97,56,23,11
川端須開,1,48,74,32,7,0
川端須開,2,61,76,30,6,3
川端須開,3,54,78,24,7,3
川端須開,4,49,103,32,8,5
川端須開,5,53,87,22,13,4
川端須開,6,53,91,24,9,4
川端須開,7,49,94,36,3,7
川端須開,8,55,71,34,11,4
川端須開,9,61,85,24,9,9
川端須開,10,64,60,32,10,6
川端須開,11,70,84,31,11,7
川端須開,12,59,76,28,12,8
斎藤貴大,1,53,70,13,0,0
斎藤貴大,2,63,77,20,2,0
斎藤貴大,3,53,77,14,1,2
斎藤貴大,4,56,72,21,0,1
斎藤貴大,5,37,55,19,3,2
斎藤貴大,6,53,67,12,0,3
斎藤貴大,7,45,81,18,0,2
斎藤貴大,8,60,72,15,2,1
斎藤貴大,9,52,55,14,0,1
斎藤貴大,10,54,80,18,1,2
斎藤貴大,11,48,73,8,2,4
斎藤貴大,12,67,62,9,1,0
黒須ひろとし,1,34,74,15,6,0
黒須ひろとし,2,37,82,23,8,1
黒須ひろとし,3,43,79,15,2,5
黒須ひろとし,4,49,71,16,3,4
黒須ひろとし,5,28,68,15,3,2
黒須ひろとし,6,52,68,18,5,1
黒須ひろとし,7,27,84,15,5,2
黒須ひろとし,8,37,71,15,4,4
黒須ひろとし,9,56,80,21,3,2
黒須ひろとし,10,30,89,16,4,3
黒須ひろとし,11,55,70,14,5,3
黒須ひろとし,12,31,74,15,5,2
谷本りゅうき,1,34,78,15,3,0
谷本りゅうき,2,44,77,17,4,2
谷本りゅうき,3,39,60,27,7,2
谷本りゅうき,4,43,83,18,2,4
谷本りゅうき,5,32,89,31,5,3
谷本りゅうき,6,38,70,20,3,6
谷本りゅうき,7,41,84,16,2,4
谷本りゅうき,8,44,69,18,2,3
谷本りゅうき,9,37,61,15,2,3
谷本りゅうき,10,39,59,14,9,3
谷本りゅうき,11,49,89,11,1,3
谷本りゅうき,12,44,60,17,3,3
田中直樹,1,46,82,26,11,1
田中直樹,2,54,90,39,6,3
田中直樹,3,32,99,34,12,4
田中直樹,4,56,84,37,7,8
田中直樹,5,46,74,30,10,5
田中直樹,6,56,95,31,6,8
田中直樹,7,47,70,29,7,6
田中直樹,8,44,90,31,4,6
田中直樹,9,35,77,33,15,4
田中直樹,10,51,102,34,10,5
田中直樹,11,50,97,37,9,6
田中直樹,12,51,110,33,10,7
藤井さくら,1,35,96,28,3,0
藤井さくら,2,45,97,33,3,3
藤井さくら,3,51,103,21,0,5
藤井さくら,4,43,87,38,0,3
藤井さくら,5,56,108,37,2,4
藤井さくら,6,32,121,35,1,4
藤井さくら,7,47,101,29,2,5
藤井さくら,8,56,94,36,3,5
藤井さくら,9,40,108,37,3,4
藤井さくら,10,44,104,32,1,4
藤井さくら,11,60,97,36,5,4
藤井さくら,12,49,105,26,2,4
藤田翔太,1,41,100,26,9,0
藤田翔太,2,42,99,28,13,2
藤田翔太,3,38,103,23,8,8
藤田翔太,4,52,89,22,11,5
藤田翔太,5,30,122,32,12,6
藤田翔太,6,38,107,35,13,6
藤田翔太,7,30,88,19,12,7
藤田翔太,8,40,100,27,13,6
藤田翔太,9,54,105,25,10,6
藤田翔太,10,32,91,25,19,7
藤田翔太,11,38,100,29,13,6
藤田翔太,12,29,98,30,13,9
橋本駿,1,40,48,44,9,0
橋本駿,2,41,65,44,14,4
橋本駿,3,45,52,50,11,7
橋本駿,4,43,67,53,10,6
橋本駿,5,39,37,50,11,7
橋本駿,6,37,42,46,15,8
橋本駿,7,47,52,48,10,10
橋本駿,8,37,47,36,5,6
橋本駿,9,45,47,43,11,8
橋本駿,10,40,57,43,14,6
橋本駿,11,38,64,50,15,8
橋本駿,12,51,50,48,11,11
前田亮,1,35,103,45,5,0
前田亮,2,49,85,41,5,4
前田亮,3,33,87,38,3,4
前田亮,4,44,91,56,7,5
前田亮,5,49,98,48,3,7
前田亮,6,37,96,45,8,5
前田亮,7,40,93,39,3,7
前田亮,8,24,92,47,8,5
前田亮,9,44,89,52,4,6
前田亮,10,39,83,46,5,8
前田亮,11,43,98,43,3,7
前田亮,12,41,90,39,4,5
石川涼介,1,25,121,25,8,0
石川涼介,2,28,97,50,17,2
石川涼介,3,24,106,26,16,7
石川涼介,4,24,80,36,10,7
石川涼介,5,25,114,33,6,7
石川涼介,6,36,94,30,12,6
石川涼介,7,39,131,35,12,5
石川涼介,8,32,100,26,12,7
石川涼介,9,34,114,29,13,5
石川涼介,10,19,89,30,12,6
石川涼介,11,22,103,38,15,8
石川涼介,12,21,94,38,9,9
藤田葵,1,33,94,22,1,0
藤田葵,2,22,106,28,4,1
藤田葵,3,29,85,31,2,5
藤田葵,4,29,98,33,1,3
藤田葵,5,37,110,23,1,4
藤田葵,6,25,109,23,2,1
藤田葵,7,49,77,24,0,4
藤田葵,8,38,105,28,2,2
藤田葵,9,36,104,29,1,4
藤田葵,10,30,90,26,4,3
藤田葵,11,37,112,30,1,6
藤田葵,12,36,106,21,1,5
橋本蓮,1,51,53,31,5,2
橋本蓮,2,38,63,25,3,3
橋本蓮,3,32,55,30,11,4
橋本蓮,4,28,50,33,4,6
橋本蓮,5,37,71,33,8,5
橋本蓮,6,36,59,31,9,6
橋本蓮,7,31,64,20,4,6
橋本蓮,8,55,66,33,5,5
橋本蓮,9,30,66,28,10,4
橋本蓮,10,37,44,40,5,6
橋本蓮,11,44,65,28,5,8
橋本蓮,12,37,74,30,9,3
中村彩,1,35,110,11,7,1
中村彩,2,27,102,19,10,2
中村彩,3,44,89,15,10,4
中村彩,4,21,96,17,7,5
中村彩,5,44,106,7,2,2
中村彩,6,29,78,18,6,2
中村彩,7,33,112,14,12,4
中村彩,8,40,110,15,3,2
中村彩,9,36,115,16,3,3
中村彩,10,38,104,15,12,3
中村彩,11,34,89,17,1,3
中村彩,12,27,114,14,9,2
清水桃子,1,54,104,19,12,0
清水桃子,2,55,114,20,13,2
清水桃子,3,58,90,14,9,4
清水桃子,4,62,102,19,9,6
清水桃子,5,52,105,13,8,5
清水桃子,6,46,101,9,9,3
清水桃子,7,54,98,14,6,3
清水桃子,8,62,87,20,3,4
清水桃子,9,53,109,12,21,3
清水桃子,10,74,106,14,8,6
清水桃子,11,55,87,17,8,5
清水桃子,12,59,109,25,11,4
田中奈々,1,38,56,21,5,0
田中奈々,2,31,64,29,5,3
田中奈々,3,41,63,28,8,5
田中奈々,4,30,64,28,6,6
田中奈々,5,29,59,19,5,5
田中奈々,6,36,57,20,2,6
田中奈々,7,38,87,37,8,3
田中奈々,8,27,65,26,10,6
田中奈々,9,37,57,23,7,8
田中奈々,10,30,64,19,5,4
田中奈々,11,42,59,39,5,4
田中奈々,12,27,55,19,4,4
高橋翔太,1,49,96,36,4,0
高橋翔太,2,57,86,36,6,1
高橋翔太,3,50,95,37,5,5
高橋翔太,4,62,91,37,8,5
高橋翔太,5,59,84,34,12,5
高橋翔太,6,48,85,46,4,6
高橋翔太,7,62,80,34,7,8
高橋翔太,8,65,82,33,8,6
高橋翔太,9,59,102,37,10,6
高橋翔太,10,59,107,39,7,6
高橋翔太,11,58,90,32,3,7
高橋翔太,12,45,82,32,4,5
伊藤和也,1,54,62,29,0,0
伊藤和也,2,59,68,16,1,0
伊藤和也,3,60,55,16,0,4
伊藤和也,4,52,49,26,0,3
伊藤和也,5,58,65,21,1,2
伊藤和也,6,63,51,28,0,3
伊藤和也,7,66,52,28,3,3
伊藤和也,8,64,70,20,0,4
伊藤和也,9,68,79,19,2,4
伊藤和也,10,66,68,18,2,4
伊藤和也,11,62,72,30,2,4
伊藤和也,12,45,68,21,2,4
西村翔太,1,67,134,26,7,2
西村翔太,2,67,91,27,8,3
西村翔太,3,74,98,22,8,5
西村翔太,4,62,121,27,8,5
西村翔太,5,57,101,23,12,7
西村翔太,6,73,122,30,8,4
西村翔太,7,56,122,26,7,6
西村翔太,8,61,124,27,8,6
西村翔太,9,63,114,29,7,5
西村翔太,10,91,100,22,9,5
西村翔太,11,74,126,31,11,5
西村翔太,12,65,112,25,8,7
山田健太,1,36,92,23,15,1
山田健太,2,43,86,22,14,4
山田健太,3,35,81,18,10,6
山田健太,4,33,89,19,8,5
山田健太,5,39,94,20,9,6
山田健太,6,37,86,24,10,4
山田健太,7,32,72,20,14,4
山田健太,8,45,93,24,11,6
山田健太,9,38,82,31,18,5
山田健太,10,31,75,19,14,9
山田健太,11,41,74,10,9,5
山田健太,12,29,79,28,13,4
山崎裕子,1,47,115,35,8,0
山崎裕子,2,52,105,52,8,4
山崎裕子,3,53,112,47,12,8
山崎裕子,4,49,115,31,5,8
山崎裕子,5,45,112,49,7,7
山崎裕子,6,49,119,35,4,6
山崎裕子,7,43,118,50,3,6
山崎裕子,8,42,130,28,9,4
山崎裕子,9,38,121,39,10,7
山崎裕子,10,49,140,38,12,7
山崎裕子,11,53,117,38,4,5
山崎裕子,12,44,139,36,6,7
松田美咲,1,39,90,42,7,0
松田美咲,2,54,88,36,10,4
松田美咲,3,60,90,38,8,6
松田美咲,4,45,80,39,12,7
松田美咲,5,54,88,36,8,7
松田美咲,6,38,81,43,10,6
松田美咲,7,42,104,43,6,5
松田美咲,8,45,89,41,10,6
松田美咲,9,50,87,39,14,8
松田美咲,10,40,89,41,7,8
松田美咲,11,53,84,46,6,5
松田美咲,12,37,87,34,16,6
前田麻衣,1,44,91,40,9,0
前田麻衣,2,57,93,38,9,4
前田麻衣,3,50,77,32,4,8
前田麻衣,4,52,84,44,7,5
前田麻衣,5,59,81,30,7,6
前田麻衣,6,57,90,30,9,6
前田麻衣,7,53,88,32,1,5
前田麻衣,8,34,88,44,8,6
前田麻衣,9,44,86,41,5,5
前田麻衣,10,42,85,32,8,4
前田麻衣,11,55,87,33,13,6
前田麻衣,12,58,74,35,8,7
中島さくら,1,37,78,23,5,0
中島さくら,2,43,81,35,8,3
中島さくら,3,38,98,25,8,5
中島さくら,4,22,81,24,3,5
中島さくら,5,45,83,19,8,3
中島さくら,6,29,64,25,6,5
中島さくら,7,27,66,26,1,3
中島さくら,8,31,95,24,5,3
中島さくら,9,32,79,26,4,3
中島さくら,10,38,78,28,4,2
中島さくら,11,46,89,24,9,4
中島さくら,12,37,83,25,7,3
藤井葵,1,32,70,25,6,0
藤井葵,2,46,61,29,11,2
藤井葵,3,40,56,31,13,4
藤井葵,4,37,81,30,9,7
藤井葵,5,32,87,26,8,6
藤井葵,6,31,78,21,7,4
藤井葵,7,31,69,32,13,5
藤井葵,8,31,80,24,6,6
藤井葵,9,39,75,20,7,5
藤井葵,10,51,76,22,3,5
藤井葵,11,36,85,21,9,4
藤井葵,12,31,59,34,8,3
近藤蓮,1,41,65,23,11,1
近藤蓮,2,49,76,24,17,4
近藤蓮,3,40,69,27,16,6
近藤蓮,4,30,58,33,12,8
近藤蓮,5,54,54,36,16,7
近藤蓮,6,51,77,29,17,8
近藤蓮,7,39,68,26,13,8
近藤蓮,8,45,64,26,20,7
近藤蓮,9,29,65,23,15,9
近藤蓮,10,50,51,23,15,7
近藤蓮,11,47,50,25,13,6
近藤蓮,12,46,72,27,17,6
後藤彩,1,37,75,22,6,0
後藤彩,2,24,66,27,12,1
後藤彩,3,28,57,26,9,4
後藤彩,4,34,70,31,9,5
後藤彩,5,34,57,27,13,6
後藤彩,6,38,56,39,7,6
後藤彩,7,29,69,23,7,4
後藤彩,8,37,81,25,9,6
後藤彩,9,34,73,28,7,6
後藤彩,10,24,70,31,8,7
後藤彩,11,32,73,20,8,8
後藤彩,12,36,66,30,8,3
近藤大和,1,20,75,37,8,0
近藤大和,2,18,88,45,6,4
近藤大和,3,28,98,40,10,5
近藤大和,4,20,75,33,10,5
近藤大和,5,20,90,40,6,6
近藤大和,6,21,75,34,10,6
近藤大和,7,21,90,38,7,4
近藤大和,8,24,88,45,6,7
近藤大和,9,27,73,30,8,6
近藤大和,10,31,77,37,11,6
近藤大和,11,11,87,46,8,7
近藤大和,12,13,76,38,5,5
中村湊,1,28,79,9,26,2
中村湊,2,32,95,6,5,4
中村湊,3,27,93,3,14,5
中村湊,4,27,123,5,14,3
中村湊,5,27,105,6,15,3
中村湊,6,31,103,12,16,4
中村湊,7,34,91,6,16,4
中村湊,8,30,88,5,15,6
中村湊,9,26,99,7,12,7
中村湊,10,29,98,8,9,6
中村湊,11,28,89,9,15,5
中村湊,12,16,97,4,14,5
西村さくら,1,50,82,26,15,0
西村さくら,2,61,82,23,6,6
西村さくら,3,40,72,41,14,4
西村さくら,4,47,85,27,7,6
西村さくら,5,51,80,28,12,5
西村さくら,6,40,78,28,14,6
西村さくら,7,48,76,29,10,7
西村さくら,8,40,74,32,14,7
西村さくら,9,39,76,32,9,8
西村さくら,10,36,85,22,14,6
西村さくら,11,44,72,24,20,6
西村さくら,12,37,89,41,8,6
渡辺和也,1,48,49,15,7,0
渡辺和也,2,41,64,26,8,1
渡辺和也,3,50,68,24,13,4
渡辺和也,4,44,59,21,7,5
渡辺和也,5,53,72,20,9,4
渡辺和也,6,47,53,25,7,4
渡辺和也,7,41,63,24,7,6
渡辺和也,8,45,72,22,5,5
渡辺和也,9,53,73,20,12,6
渡辺和也,10,47,54,18,10,4
渡辺和也,11,43,51,16,4,6
渡辺和也,12,40,52,27,3,3
田中翔太,1,40,95,32,15,3
田中翔太,2,50,87,31,10,2
田中翔太,3,34,106,28,12,5
田中翔太,4,45,104,31,11,8
田中翔太,5,44,91,28,11,6
田中翔太,6,45,104,31,17,7
田中翔太,7,45,104,25,10,7
田中翔太,8,47,77,25,12,7
田中翔太,9,42,94,27,11,5
田中翔太,10,37,87,22,12,6
田中翔太,11,53,93,15,6,4
田中翔太,12,47,96,22,17,5
後藤大和,1,48,81,37,18,1
後藤大和,2,40,83,31,17,5
後藤大和,3,41,90,30,13,8
後藤大和,4,40,87,25,10,7
後藤大和,5,38,99,31,13,6
後藤大和,6,34,72,25,10,7
後藤大和,7,38,88,33,14,6
後藤大和,8,31,99,28,8,6
後藤大和,9,42,74,26,11,6
後藤大和,10,48,81,28,15,7
後藤大和,11,37,78,34,7,7
後藤大和,12,54,79,33,12,5
渡辺彩花,1,47,42,35,17,0
渡辺彩花,2,42,49,40,11,5
渡辺彩花,3,54,30,40,8,7
渡辺彩花,4,50,40,41,10,7
渡辺彩花,5,46,40,28,15,7
渡辺彩花,6,50,61,40,4,4
渡辺彩花,7,49,39,31,2,8
渡辺彩花,8,40,41,47,7,4
渡辺彩花,9,47,30,43,4,5
渡辺彩花,10,47,37,39,11,6
渡辺彩花,11,55,34,33,8,7
渡辺彩花,12,44,26,37,12,8
岡田陽菜,1,64,94,41,10,0
岡田陽菜,2,54,107,36,14,3
岡田陽菜,3,70,108,39,12,9
岡田陽菜,4,56,103,39,18,7
岡田陽菜,5,57,101,40,9,8
岡田陽菜,6,69,81,33,7,8
岡田陽菜,7,59,100,52,16,5
岡田陽菜,8,61,103,38,7,8
岡田陽菜,9,72,103,26,14,9
岡田陽菜,10,57,101,41,9,7
岡田陽菜,11,61,109,40,15,7
岡田陽菜,12,69,114,43,12,9
渡辺陽菜,1,30,107,15,6,0
渡辺陽菜,2,26,101,29,2,2
渡辺陽菜,3,30,83,20,6,4
渡辺陽菜,4,24,101,25,4,3
渡辺陽菜,5,19,100,23,6,3
渡辺陽菜,6,21,111,28,8,5
渡辺陽菜,7,23,96,19,6,4
渡辺陽菜,8,24,107,17,9,5
渡辺陽菜,9,21,93,36,4,3
渡辺陽菜,10,19,88,24,7,3
渡辺陽菜,11,23,88,29,7,3
渡辺陽菜,12,19,104,27,4,4
森美咲,1,72,76,40,7,0
森美咲,2,70,74,39,3,4
森美咲,3,69,62,35,8,5
森美咲,4,57,64,31,9,6
森美咲,5,67,69,45,7,6
森美咲,6,58,53,37,5,5
森美咲,7,49,51,54,8,5
森美咲,8,45,75,32,7,6
森美咲,9,57,56,47,2,4
森美咲,10,53,72,40,13,5
森美咲,11,47,83,42,9,7
森美咲,12,60,71,46,1,5
青木大和,1,44,106,14,7,0
青木大和,2,39,88,12,15,3
青木大和,3,41,111,19,5,4
青木大和,4,31,86,12,10,6
青木大和,5,30,101,21,6,4
青木大和,6,36,105,15,12,5
青木大和,7,30,113,16,4,5
青木大和,8,29,104,20,4,3
青木大和,9,37,91,13,11,3
青木大和,10,32,107,23,8,5
青木大和,11,35,92,15,10,4
青木大和,12,37,106,15,7,4
坂本桃子,1,46,92,19,8,0
坂本桃子,2,50,65,22,11,2
坂本桃子,3,47,62,19,12,5
坂本桃子,4,60,96,20,8,6
坂本桃子,5,46,75,21,13,5
坂本桃子,6,41,93,17,15,4
坂本桃子,7,43,103,31,13,5
坂本桃子,8,47,80,22,14,7
坂本桃子,9,33,93,18,8,6
坂本桃子,10,43,90,19,11,5
坂本桃子,11,48,103,28,10,6
坂本桃子,12,59,83,26,15,4
山本陽斗,1,71,76,26,13,1
山本陽斗,2,89,73,38,14,5
山本陽斗,3,60,65,24,10,6
山本陽斗,4,76,60,23,12,7
山本陽斗,5,62,81,23,9,7
山本陽斗,6,73,60,25,14,5
山本陽斗,7,61,73,37,10,7
山本陽斗,8,73,59,35,7,7
山本陽斗,9,87,53,26,7,6
山本陽斗,10,70,66,29,6,5
山本陽斗,11,66,49,27,7,4
山本陽斗,12,76,72,29,8,8
佐々木拓海,1,43,103,25,6,0
佐々木拓海,2,51,100,23,3,2
佐々木拓海,3,41,110,18,3,3
佐々木拓海,4,54,99,21,3,3
佐々木拓海,5,43,113,23,5,3
佐々木拓海,6,45,104,20,7,5
佐々木拓海,7,44,100,19,7,6
佐々木拓海,8,32,109,27,4,5
佐々木拓海,9,48,98,22,4,5
佐々木拓海,10,37,88,12,4,3
佐々木拓海,11,39,109,32,6,5
佐々木拓海,12,49,103,20,3,5
後藤拓海,1,49,82,40,24,0
後藤拓海,2,49,65,39,18,5
後藤拓海,3,43,92,33,27,11
後藤拓海,4,51,76,39,22,11
後藤拓海,5,57,74,30,23,9
後藤拓海,6,50,66,31,25,8
後藤拓海,7,60,76,28,19,10
後藤拓海,8,51,74,38,26,9
後藤拓海,9,49,64,30,20,10
後藤拓海,10,48,82,37,25,10
後藤拓海,11,51,93,30,27,11
後藤拓海,12,50,71,44,14,10
橋本智也,1,45,78,46,11,0
橋本智也,2,32,62,39,14,4
橋本智也,3,52,59,43,13,8
橋本智也,4,39,67,38,15,9
橋本智也,5,35,75,36,15,8
橋本智也,6,27,72,52,17,8
橋本智也,7,32,68,33,14,10
橋本智也,8,47,68,57,8,9
橋本智也,9,41,76,45,13,7
橋本智也,10,50,60,54,9,8
橋本智也,11,36,73,45,13,7
橋本智也,12,43,57,45,16,6
遠藤悠真,1,75,133,34,5,1
遠藤悠真,2,60,122,28,5,2
遠藤悠真,3,67,124,29,7,4
遠藤悠真,4,69,106,31,8,5
遠藤悠真,5,75,141,29,6,6
遠藤悠真,6,59,123,24,7,5
遠藤悠真,7,64,119,19,7,5
遠藤悠真,8,69,132,32,7,6
遠藤悠真,9,63,137,22,4,7
遠藤悠真,10,62,112,32,3,3
遠藤悠真,11,46,126,33,7,7
遠藤悠真,12,69,128,33,2,7
森健太,1,64,97,39,3,0
森健太,2,49,77,37,5,2
森健太,3,61,96,33,7,3
森健太,4,61,103,38,5,5
森健太,5,47,100,43,18,6
森健太,6,42,76,32,5,8
森健太,7,59,94,36,6,7
森健太,8,75,82,32,4,5
森健太,9,60,104,39,8,2
森健太,10,40,99,39,5,6
森健太,11,49,106,29,8,7
森健太,12,50,98,38,8,5
山崎桃子,1,69,85,42,5,0
山崎桃子,2,51,98,40,2,3
山崎桃子,3,59,95,37,7,5
山崎桃子,4,67,103,38,8,6
山崎桃子,5,52,118,40,3,8
山崎桃子,6,44,105,36,16,4
山崎桃子,7,51,96,36,4,7
山崎桃子,8,52,93,33,10,8
山崎桃子,9,54,89,35,7,7
山崎桃子,10,59,94,35,2,6
山崎桃子,11,62,97,38,8,6
山崎桃子,12,59,106,36,9,5
三浦翔太,1,22,94,11,3,1
三浦翔太,2,28,88,26,4,2
三浦翔太,3,19,96,24,3,4
三浦翔太,4,29,100,19,4,4
三浦翔太,5,26,109,16,10,3
三浦翔太,6,26,102,14,4,5
三浦翔太,7,28,93,26,2,2
三浦翔太,8,31,96,21,4,4
三浦翔太,9,24,94,16,6,4
三浦翔太,10,32,102,16,6,4
三浦翔太,11,34,81,24,3,4
三浦翔太,12,35,90,18,4,3
清水真由,1,32,118,26,10,0
清水真由,2,39,113,21,15,4
清水真由,3,32,115,28,10,7
清水真由,4,28,126,23,9,5
清水真由,5,38,112,26,10,3
清水真由,6,46,126,22,11,5
清水真由,7,37,134,17,6,6
清水真由,8,41,122,25,7,4
清水真由,9,50,112,28,12,4
清水真由,10,43,129,25,12,4
清水真由,11,39,124,29,21,6
清水真由,12,43,126,19,10,6
岡本結衣,1,64,78,35,8,1
岡本結衣,2,62,76,19,6,5
岡本結衣,3,61,80,17,12,4
岡本結衣,4,58,103,26,4,6
岡本結衣,5,61,79,26,7,5
岡本結衣,6,69,82,33,4,4
岡本結衣,7,66,89,37,11,4
岡本結衣,8,62,77,17,2,5
岡本結衣,9,61,93,18,7,4
岡本結衣,10,56,67,18,3,5
岡本結衣,11,66,99,25,7,5
岡本結衣,12,63,89,27,10,4
鈴木奈々,1,50,73,32,6,1
鈴木奈々,2,41,58,34,10,2
鈴木奈々,3,43,75,41,13,5
鈴木奈々,4,46,88,27,7,6
鈴木奈々,5,42,66,29,8,5
鈴木奈々,6,43,76,34,2,7
鈴木奈々,7,42,76,30,7,4
鈴木奈々,8,47,68,35,9,3
鈴木奈々,9,44,69,30,8,6
鈴木奈々,10,35,72,40,7,5
鈴木奈々,11,39,45,28,2,7
鈴木奈々,12,30,73,29,7,4
遠藤拓海,1,48,93,28,6,0
遠藤拓海,2,37,86,30,7,3
遠藤拓海,3,29,99,28,4,5
遠藤拓海,4,41,85,22,8,4
遠藤拓海,5,39,96,30,12,4
遠藤拓海,6,47,89,29,5,8
遠藤拓海,7,38,100,23,9,6
遠藤拓海,8,44,98,33,8,4
遠藤拓海,9,36,84,31,7,6
遠藤拓海,10,40,104,25,6,3
遠藤拓海,11,38,101,14,7,5
遠藤拓海,12,50,98,24,5,4
木村結衣,1,56,104,34,2,0
木村結衣,2,50,83,36,4,2
木村結衣,3,48,85,22,5,4
木村結衣,4,47,75,33,6,4
木村結衣,5,55,75,35,4,5
木村結衣,6,42,103,35,6,7
木村結衣,7,66,84,22,2,5
木村結衣,8,41,98,32,5,4
木村結衣,9,58,74,42,5,6
木村結衣,10,48,85,29,4,6
木村結衣,11,62,99,32,4,4
木村結衣,12,46,98,27,1,5
西村拓海,1,45,29,51,13,0
西村拓海,2,59,28,44,11,5
西村拓海,3,52,28,41,11,7
西村拓海,4,40,35,43,13,7
西村拓海,5,42,27,45,8,9
西村拓海,6,52,26,35,9,8
西村拓海,7,53,26,36,10,6
西村拓海,8,41,26,40,14,6
西村拓海,9,64,27,32,11,10
西村拓海,10,59,28,34,11,8
西村拓海,11,61,27,43,10,4
西村拓海,12,49,31,48,11,8
石川奈々,1,54,92,15,4,0
石川奈々,2,39,106,20,1,1
石川奈々,3,48,87,14,8,2
石川奈々,4,46,97,20,3,3
石川奈々,5,45,84,19,2,4
石川奈々,6,49,102,13,6,3
石川奈々,7,45,89,11,6,3
石川奈々,8,47,76,18,5,3
石川奈々,9,45,86,22,5,1
石川奈々,10,35,85,12,7,6
石川奈々,11,41,89,15,5,5
石川奈々,12,45,96,17,6,3
佐々木千尋,1,70,83,34,13,0
佐々木千尋,2,65,94,42,4,5
佐々木千尋,3,70,105,31,12,6
佐々木千尋,4,68,100,25,12,7
佐々木千尋,5,63,114,39,9,7
佐々木千尋,6,78,124,30,8,7
佐々木千尋,7,55,103,38,16,6
佐々木千尋,8,62,116,37,8,7
佐々木千尋,9,61,104,35,20,7
佐々木千尋,10,48,109,38,7,7
佐々木千尋,11,75,113,37,6,7
佐々木千尋,12,81,95,40,11,6
遠藤蓮,1,36,59,26,17,0
遠藤蓮,2,40,59,26,15,4
遠藤蓮,3,32,56,18,13,7
遠藤蓮,4,37,48,19,13,5
遠藤蓮,5,28,65,25,19,5
遠藤蓮,6,37,65,27,21,6
遠藤蓮,7,32,47,25,20,8
遠藤蓮,8,30,50,26,20,11
遠藤蓮,9,31,53,28,16,9
遠藤蓮,10,42,58,20,14,8
遠藤蓮,11,35,65,24,20,6
遠藤蓮,12,34,62,26,20,7
田中結衣,1,57,89,21,2,0
田中結衣,2,52,90,22,4,3
田中結衣,3,59,83,27,4,2
田中結衣,4,59,87,13,3,4
田中結衣,5,48,89,15,5,4
田中結衣,6,48,99,23,3,4
田中結衣,7,46,90,16,6,3
田中結衣,8,57,94,24,7,3
田中結衣,9,43,88,23,4,5
田中結衣,10,44,107,13,7,6
田中結衣,11,42,92,18,2,5
田中結衣,12,54,99,21,1,2
石川拓海,1,34,117,41,10,0
石川拓海,2,47,112,48,12,4
石川拓海,3,54,119,34,6,7
石川拓海,4,32,112,45,10,6
石川拓海,5,32,127,44,9,7
石川拓海,6,35,122,33,15,6
石川拓海,7,36,117,34,6,6
石川拓海,8,36,117,34,7,6
石川拓海,9,35,127,30,10,6
石川拓海,10,33,135,39,8,6
石川拓海,11,43,109,35,7,4
石川拓海,12,46,114,45,4,6
三浦陽菜,1,43,42,27,18,0
三浦陽菜,2,33,59,24,12,5
三浦陽菜,3,41,60,22,13,8
三浦陽菜,4,38,54,25,9,4
三浦陽菜,5,31,43,18,15,6
三浦陽菜,6,42,47,17,18,6
三浦陽菜,7,45,54,23,10,6
三浦陽菜,8,43,56,22,16,7
三浦陽菜,9,29,54,23,13,7
三浦陽菜,10,39,45,23,10,9
三浦陽菜,11,35,60,20,8,5
三浦陽菜,12,25,47,35,6,5
橋本麻衣,1,47,66,47,11,1
橋本麻衣,2,45,88,41,10,5
橋本麻衣,3,39,84,29,9,7
橋本麻衣,4,49,77,36,8,7
橋本麻衣,5,62,79,35,9,6
橋本麻衣,6,42,87,40,5,6
橋本麻衣,7,37,71,46,12,5
橋本麻衣,8,38,85,29,6,7
橋本麻衣,9,41,76,30,13,6
橋本麻衣,10,37,71,33,15,5
橋本麻衣,11,49,87,37,9,7
橋本麻衣,12,49,82,29,16,7
松本拓海,1,33,92,12,5,1
松本拓海,2,35,89,16,5,1
松本拓海,3,34,93,18,3,2
松本拓海,4,28,82,23,6,4
松本拓海,5,35,91,22,6,3
松本拓海,6,23,84,18,6,4
松本拓海,7,30,81,16,3,4
松本拓海,8,34,94,21,3,1
松本拓海,9,29,96,25,9,3
松本拓海,10,21,86,21,8,5
松本拓海,11,37,70,15,9,4
松本拓海,12,28,102,18,6,3
山口駿,1,26,91,22,9,1
山口駿,2,32,114,27,12,2
山口駿,3,32,121,27,12,4
山口駿,4,44,114,29,6,6
山口駿,5,34,121,23,13,5
山口駿,6,27,110,26,10,5
山口駿,7,37,85,26,15,6
山口駿,8,44,97,19,10,6
山口駿,9,24,117,22,5,7
山口駿,10,33,84,28,8,5
山口駿,11,38,109,21,18,4
山口駿,12,41,118,30,5,8
藤井涼介,1,66,91,20,5,0
藤井涼介,2,51,73,16,12,1
藤井涼介,3,58,80,24,9,5
藤井涼介,4,45,89,15,7,4
藤井涼介,5,56,78,27,17,5
藤井涼介,6,56,84,23,6,6
藤井涼介,7,52,79,22,6,6
藤井涼介,8,43,75,17,5,5
藤井涼介,9,48,81,19,7,2
藤井涼介,10,50,89,18,7,4
藤井涼介,11,60,102,26,7,5
藤井涼介,12,56,80,20,9,6
中島和也,1,39,75,21,8,1
中島和也,2,41,70,13,6,4
中島和也,3,29,87,19,7,3
中島和也,4,35,71,15,8,3
中島和也,5,36,64,18,8,5
中島和也,6,40,85,16,12,5
中島和也,7,42,75,21,5,5
中島和也,8,30,58,18,10,4
中島和也,9,48,77,15,4,4
中島和也,10,30,75,21,5,3
中島和也,11,45,58,24,5,3
中島和也,12,45,74,16,14,5
山田亮,1,56,80,28,6,0
山田亮,2,61,79,33,13,4
山田亮,3,56,89,15,11,8
山田亮,4,51,82,30,8,6
山田亮,5,53,89,26,11,5
山田亮,6,64,98,28,9,7
山田亮,7,45,78,24,3,4
山田亮,8,58,94,34,10,4
山田亮,9,45,71,32,15,6
山田亮,10,44,80,28,6,7
山田亮,11,49,89,24,14,7
山田亮,12,48,93,21,8,6
石川結衣,1,38,116,30,1,0
石川結衣,2,32,115,30,4,2
石川結衣,3,33,118,38,1,4
石川結衣,4,36,119,28,6,5
石川結衣,5,26,113,30,7,5
石川結衣,6,31,124,21,7,6
石川結衣,7,28,106,42,8,2
石川結衣,8,31,110,25,7,8
石川結衣,9,37,115,44,10,6
石川結衣,10,35,97,32,11,5
石川結衣,11,31,116,36,7,7
石川結衣,12,26,97,23,7,7
山崎麻衣,1,42,78,45,13,1
山崎麻衣,2,29,60,18,7,3
山崎麻衣,3,35,70,31,15,5
山崎麻衣,4,44,67,38,11,4
山崎麻衣,5,31,60,29,12,7
山崎麻衣,6,39,64,31,6,8
山崎麻衣,7,42,54,47,8,5
山崎麻衣,8,46,76,33,17,5
山崎麻衣,9,45,61,33,12,7
山崎麻衣,10,38,54,36,12,8
山崎麻衣,11,25,73,39,12,6
山崎麻衣,12,43,74,37,12,8
渡辺直樹,1,58,91,34,9,2
渡辺直樹,2,53,108,28,9,4
渡辺直樹,3,41,127,33,8,6
渡辺直樹,4,37,126,17,10,6
渡辺直樹,5,56,103,38,11,7
渡辺直樹,6,53,93,34,12,6
渡辺直樹,7,41,125,43,10,8
渡辺直樹,8,47,109,28,11,7
渡辺直樹,9,43,98,42,12,6
渡辺直樹,10,32,118,16,8,8
渡辺直樹,11,57,111,32,12,7
渡辺直樹,12,47,115,31,9,5
中村健太,1,56,100,22,1,0
中村健太,2,70,90,26,2,1
中村健太,3,47,98,23,5,3
中村健太,4,65,109,18,1,2
中村健太,5,56,103,21,3,6
中村健太,6,65,111,29,1,2
中村健太,7,63,76,23,5,3
中村健太,8,45,85,30,4,4
中村健太,9,70,95,27,3,4
中村健太,10,45,99,28,3,3
中村健太,11,47,97,29,6,4
中村健太,12,49,93,26,2,7
坂本涼介,1,30,118,45,6,0
坂本涼介,2,43,118,31,4,3
坂本涼介,3,34,120,39,14,4
坂本涼介,4,36,125,35,8,6
坂本涼介,5,31,114,24,4,5
坂本涼介,6,42,140,24,10,5
坂本涼介,7,52,125,33,8,3
坂本涼介,8,33,128,39,7,6
坂本涼介,9,32,117,35,8,6
坂本涼介,10,34,122,31,5,5
坂本涼介,11,26,136,36,10,5
坂本涼介,12,33,116,33,10,7
佐々木陽斗,1,48,103,16,19,0
佐々木陽斗,2,42,82,22,6,5
佐々木陽斗,3,42,81,20,10,4
佐々木陽斗,4,49,83,22,12,5
佐々木陽斗,5,40,89,26,13,6
佐々木陽斗,6,37,99,22,12,5
佐々木陽斗,7,32,72,26,13,7
佐々木陽斗,8,32,93,25,15,5
佐々木陽斗,9,45,83,27,8,7
佐々木陽斗,10,39,86,20,12,6
佐々木陽斗,11,33,99,22,12,6
佐々木陽斗,12,30,101,25,8,6
田中彩花,1,49,78,41,6,0
田中彩花,2,41,65,36,4,4
田中彩花,3,63,92,30,5,5
田中彩花,4,65,89,40,6,4
田中彩花,5,52,76,42,8,5
田中彩花,6,55,86,31,4,5
田中彩花,7,45,75,44,4,7
田中彩花,8,54,84,43,5,5
田中彩花,9,46,67,39,5,7
田中彩花,10,59,68,31,7,5
田中彩花,11,47,94,45,6,4
田中彩花,12,43,84,28,3,7
